StoreName,StoreType,StoreOpeningDate,Address,City,State,Country,Region,Manager Name
The Serene Marketplace,Outlet Stores,1983-04-04,42823 Matthews Spur Suite 229 New Thomas  NV 03337,North Warren,South Carolina,Egypt,West,Robin
The Urban Finds,Outlet Stores,2020-11-08,111 Kirby Ports Suite 650 Bridgetland  AS 91010,Sheilaborough,Vermont,Argentina,West,Jocelyn
The Whimsy Cabinet,Exclusive,1971-07-22,033 Edward Circle South Phillipland  NH 54090,Jessicaton,Oklahoma,Panama,South,Darren
The Majestic Hub,MBO,1980-11-27,934 John Terrace Suite 628 Stevenborough  OH 42009,Mathisshire,Alaska,Jordan,West,Dale
The Unique Marvels,Exclusive,2007-10-24,796 James Valley Port Jordanland  FM 82971,Mooreberg,Georgia,Korea,North,Morgan
The Stylish Closet,MBO,1971-12-10,74780 Samuel Orchard Bowmanland  OK 54625,Aaronville,North Dakota,Heard Island and McDonald Islands,North,James
The Chic Reflections,Outlet Stores,2010-05-20,971 Marc Club Greeneville  ND 05600,West Tracie,Iowa,Turkey,South,Rodney
The Blissful Hub,MBO,1993-01-10,73339 Jodi Street Suite 917 North Faithside  OR 42290,New Jenniferfort,New York,Portugal,West,Shirley
The Trendy Hub,Exclusive,2016-05-31,PSC 4938  Box 3683 APO AP 30401,West Barbarafurt,Mississippi,Vietnam,South,Jennifer
The Chic Treasures,Outlet Stores,2012-05-05,17567 James Mews Port Jennifermouth  KS 35160,Phillipsburgh,Pennsylvania,Kyrgyz Republic,North,Ann
The Golden Quest,MBO,2005-04-15,3931 Chen Alley Javierberg  HI 93738,Morristown,Maine,Barbados,East,Jeffery
The Urban Creations,Outlet Stores,1983-05-26,5191 Denise Cape Apt. 342 Elizabethberg  NH 50514,Andrewmouth,Maryland,Burundi,West,Kathleen
The Golden Enclave,Outlet Stores,2019-10-04,7140 Smith Branch Apt. 120 Erinside  SC 45741,Jeremychester,Montana,Tonga,North,Susan
The Classy Boutique,MBO,1995-09-24,241 Wade Inlet Apt. 130 West Harry  MT 53751,Lake Jacob,Kentucky,Niue,East,Steven
The Harmony Vault,SMB,1983-05-12,42721 Kelsey Cove Suite 441 Margarethaven  LA 70527,Simsmouth,Utah,New Caledonia,West,Michael
The Luxe Creations,Exclusive,1996-06-24,24598 Samuel Pike Stevensburgh  CT 65505,North Pennyberg,Iowa,Burkina Faso,West,Joshua
The Harmony Finds,SMB,2016-04-14,1271 Thomas Squares North Glennview  NV 30500,Palmerport,Massachusetts,Syrian Arab Republic,North,April
The Chic Avenue,MBO,2007-01-07,0273 Marcia Key Suite 862 West Marissachester  MO 76229,Martinezview,Florida,Venezuela,North,Cody
The Golden Closet,SMB,1987-10-29,690 Danielle Point Apt. 826 Davidtown  MS 06954,West Clayton,Missouri,Croatia,North,Paula
The Majestic Shop,Exclusive,2015-10-28,696 Christopher Turnpike Suite 654 Lake Oliviabury  PA 96635,South Charlesport,New Mexico,Bosnia and Herzegovina,South,Gloria
The Harmony Loft,Exclusive,1989-08-08,298 Butler Island Christineville  RI 76219,Delgadobury,Oregon,Saint Pierre and Miquelon,East,Heather
The Radiant Treasures,Outlet Stores,1988-03-04,9347 Jones Radial North Michellestad  AS 18285,Johnsonfort,Florida,Saint Pierre and Miquelon,North,Michael
The Serene Sanctuary,Outlet Stores,1990-01-18,6202 Kimberly Port South Brandonshire  PW 89510,New Julieton,Arizona,Bulgaria,West,Andrea
The Enchanted Deals,MBO,1997-03-24,927 Bryant Roads North Allenborough  WV 40550,South Jonathanmouth,Arizona,Japan,West,Austin
The Chic Corner,Outlet Stores,2001-05-02,716 Wallace Green Apt. 424 Williamsberg  MA 94945,East Justin,Nebraska,Togo,South,Ricky
The Unique Oasis,Outlet Stores,2000-10-27,47592 Garcia Orchard Apt. 987 Davisville  VA 99892,East Christopherberg,Hawaii,Belgium,East,Laura
The Artisan Cabinet,Outlet Stores,2003-12-31,785 Thomas Trail Apt. 769 Jacobport  PR 33439,Christophermouth,Alaska,Sri Lanka,South,Bobby
The Luxe Sanctuary,Exclusive,1982-06-24,6320 Elizabeth Turnpike West Stacy  OH 88986,East Kelsey,New Hampshire,Saint Kitts and Nevis,North,Craig
The Eclectic Closet,Outlet Stores,1977-07-23,257 Debra Park Garciafurt  OK 54476,Lewiston,Illinois,Malta,West,Ivan
The Vintage Cabinet,SMB,1999-01-29,48010 Ramos Points Amandaland  WA 93841,New Monica,Virginia,Hong Kong,East,Anthony
The Dapper Perfection,Outlet Stores,1986-03-04,298 Scott Mountains Austinfort  MO 28877,Paulfort,Kentucky,Christmas Island,East,Andrew
The Dapper Deals,Outlet Stores,1982-05-01,576 Pamela Overpass East Haleyhaven  MP 27674,West Kelseybury,Wisconsin,Albania,West,Roy
The Unique Cabinet,Exclusive,1979-03-01,Unit 7637 Box 9591 DPO AA 54684,Johnsonborough,Maryland,Slovakia (Slovak Republic),North,Robert
The Chic Shoppe,MBO,1978-10-01,375 Leonard Skyway Suite 373 Port Michael  MO 03986,Thompsonborough,Kansas,Kazakhstan,North,Mark
The Elegant Quest,SMB,2006-02-06,240 Nathan Spring West Mark  NY 73553,Rubenbury,Missouri,Iceland,West,Catherine
The Shimmer Deals,Outlet Stores,2017-02-27,Unit 8980 Box 7123 DPO AA 21252,East Stephanie,Montana,Cuba,East,Michael
The Urban Elegance,Outlet Stores,2016-06-05,1209 Lee Locks Apt. 664 Cynthiastad  MT 39745,Port Jenniferport,Mississippi,Korea,East,Ricardo
The Purely Sanctuary,Outlet Stores,2002-11-12,501 Washington Island West Jeffrey  IA 71507,Ronniechester,Kentucky,Cook Islands,North,Joel
The Harmony Oasis,Exclusive,2004-10-12,3473 Gary Island Suite 448 Leonardstad  PA 03771,East Helenchester,New Mexico,Ghana,East,Matthew
The Harmony Elegance,Exclusive,1983-03-15,3327 Elizabeth Alley New Brent  MO 93754,Juanside,Oklahoma,Argentina,West,Dana
The Enchanted Vault,MBO,2018-08-17,6483 King Parks Suite 880 Jessicaburgh  MN 42704,East Tamara,Texas,Malta,East,Jacob
The Enchanted Reflections,Outlet Stores,2013-01-19,PSC 4067  Box 7194 APO AA 02976,Port Ryanmouth,Nevada,Libyan Arab Jamahiriya,East,Abigail
The Enchanted Elegance,SMB,1991-10-25,15981 Kevin Dam Suite 789 North Miranda  CA 15481,West Tammy,West Virginia,Cuba,North,Ashley
The Dapper Emporium,Outlet Stores,1978-08-30,5557 Farmer Walks Davidview  VI 86543,Tinaview,Wisconsin,Anguilla,West,Daniel
The Blissful Nook,Outlet Stores,1972-11-04,PSC 6375  Box 1659 APO AA 61310,South Loriton,Arkansas,Uzbekistan,West,Rebecca
The Harmony Closet,MBO,1970-07-23,8466 Donald Way East Christopher  CO 69092,Lake Paulborough,Iowa,Norway,North,Ashley
The Elegant Cabinet,Exclusive,2018-06-26,7798 Becker Burg Suite 411 Williamstown  FM 30391,South Dawn,Florida,Netherlands Antilles,West,Deborah
The Radiant Emporium,SMB,1986-08-09,8590 Robinson Union Apt. 942 South Christyhaven  SD 12635,Port Brian,Nebraska,French Guiana,East,Danielle
The Purely Emporium,MBO,1999-06-28,9503 Katherine Station Suite 522 Port Lisaberg  VT 18274,Garciamouth,South Carolina,Myanmar,West,Kendra
The Purely Merchant,SMB,2008-04-03,PSC 5837  Box 7562 APO AE 28790,North Sandra,Massachusetts,Macao,East,Kristina
The Blissful Quest,Exclusive,1987-05-12,6957 Edward Forest Claytonberg  MT 45952,Alexabury,Iowa,Dominican Republic,East,Donald
The Shimmer Oasis,Outlet Stores,2021-01-20,82881 Hopkins Points Suite 570 New Jared  CO 01797,New Joshuabury,Arkansas,Slovenia,South,Cody
The Purely Perfection,MBO,2015-11-03,Unit 1797 Box 0870 DPO AA 58103,South Kylefurt,South Dakota,Monaco,South,Theodore
The Vintage Closet,Outlet Stores,1985-01-14,886 Cruz Road South Tina  ME 96873,New Denise,West Virginia,Guyana,West,Roger
The Polished Nook,Outlet Stores,1996-04-29,6111 Misty Valley Suite 175 Princemouth  DE 38693,North Veronica,Mississippi,New Caledonia,South,Timothy
The Golden Treasures,Outlet Stores,1972-04-23,30631 Kristen Ridge West Katrina  PR 24459,Jessicaton,Delaware,Chad,West,Mark
The Golden Deals,Outlet Stores,2018-07-20,33465 Kidd Trail Apt. 203 Port Amandaview  MA 62309,South Robertside,Louisiana,Andorra,South,Jonathan
The Elegant Vault,Exclusive,2016-01-07,34684 Cindy Oval Apt. 999 South Danielside  TN 87690,Tracymouth,Rhode Island,Papua New Guinea,East,Gregory
The Unique Avenue,Exclusive,1998-09-09,801 Swanson Canyon Hallhaven  WV 54041,Smithside,Oregon,Montenegro,South,Angela
The Unique Shoppe,MBO,1996-03-16,74996 Michele Path Michaeltown  NE 41389,Kristineborough,South Carolina,New Caledonia,West,Marcus
The Shimmer Loft,Exclusive,1981-04-30,8597 Brooks Ports Katherinebury  ME 25222,Emilyport,Tennessee,Norfolk Island,West,Joshua
The Urban Emporium,MBO,1972-09-24,Unit 2634 Box 9437 DPO AP 41406,North Bradley,Illinois,Mozambique,East,Brandon
The Urban Reflections,Exclusive,1984-10-15,7023 Patterson Rue New Lindseyborough  NE 79224,Port Ashley,Arkansas,Poland,South,Philip
The Harmony Emporium,Outlet Stores,2020-02-04,5107 Burns Canyon Lucaston  AS 98316,Port Jodi,Arkansas,Equatorial Guinea,North,Julie
The Vintage Marketplace,SMB,1995-07-19,6962 Chad Crescent Suite 351 North Daniellechester  RI 98715,Williamsville,Montana,Thailand,North,Kyle
The Happy Finds,MBO,2015-03-25,6997 Ayers Mountain South Annaburgh  IA 68713,Port Adamtown,Utah,Honduras,East,Barry
The Golden Reflections,MBO,2012-09-05,0079 Shari Creek Suite 110 Port Christopher  MT 55660,Baileyberg,South Carolina,Mauritius,East,Audrey
The Eclectic Vault,Exclusive,2000-09-20,7095 Combs Stream Suite 975 Chelseaville  KS 54290,Bernardbury,Arkansas,Ireland,South,Matthew
The Radiant Haven,SMB,1979-04-09,49411 Luis Mountain Stonetown  NE 31565,Darintown,West Virginia,Sierra Leone,East,Kevin
The Purely Boutique,Outlet Stores,1975-02-19,02578 Kevin Manors Suite 267 Jeffreyshire  IL 94017,West Nicole,Virginia,Ghana,East,John
The Dapper Haven,Outlet Stores,2024-05-16,57542 Robertson Squares Apt. 202 Lake Darrell  FL 79972,Katieburgh,Alabama,United States Virgin Islands,West,Jeremy
The Modern Nook,Outlet Stores,2003-10-23,74202 Reynolds Estates Popemouth  IA 74597,Marioburgh,Hawaii,Korea,West,Mark
The Polished Closet,Exclusive,1994-07-19,4317 Johnson Skyway Apt. 545 South Oliviashire  TN 19169,Courtneyborough,Ohio,Saint Lucia,South,Ian
The Enchanted Reflections,SMB,1980-03-15,USS Kelley FPO AE 45033,Matthewton,Alaska,Pakistan,North,Monica
The Stylish Cabinet,SMB,1991-03-03,7698 Andrew Neck Apt. 278 East Thomasbury  GU 83946,Port Samuelside,Oklahoma,New Zealand,North,Sheila
The Elegant Cabinet,MBO,2013-03-02,9816 Mark Circle Suite 688 Brianville  WV 45921,East Timothyborough,Kansas,French Polynesia,South,Kathryn
The Urban Marketplace,MBO,2024-08-05,050 Woods Harbor Thomaschester  NH 35276,East Mariah,Vermont,Lao People's Democratic Republic,South,Stephen
The Harmony Cabinet,MBO,1997-05-08,94179 Thompson Court Jameshaven  NY 20895,Davilatown,Mississippi,Portugal,South,Nicholas
The Majestic Creations,Exclusive,2013-08-16,294 Bryan Village Suite 182 Coxhaven  GU 43739,Nicolemouth,Pennsylvania,Iceland,West,Andrew
The Serene Quest,Outlet Stores,2011-05-02,301 Allison Trail Guzmanfurt  AZ 61729,Robinsonbury,Hawaii,Canada,East,Dawn
The Eclectic Oasis,Outlet Stores,2015-08-13,9557 Henderson Trail Suite 087 East Lance  AL 79931,Gonzaleshaven,South Carolina,El Salvador,West,Dana
The Serene Shop,Exclusive,1970-02-08,Unit 6004 Box 8749 DPO AA 48114,East Debbieview,North Carolina,Israel,West,Cassandra
The Luxe Deals,MBO,1973-01-29,6283 Williams Motorway Apt. 568 Crystalmouth  CA 02225,Lopezborough,Utah,Moldova,West,Denise
The Elegant Perfection,Exclusive,2016-11-22,6252 Jennifer Plaza Greenmouth  AK 97662,Alexamouth,Massachusetts,Rwanda,West,Yvette
The Elegant Avenue,MBO,2014-04-16,0376 Deborah Roads Suite 111 Lake Kyle  VI 21056,Frenchstad,Missouri,Belarus,South,Charles
The Urban Enclave,MBO,1980-10-26,514 Kyle Isle New Emilyberg  CO 14095,Mirandafurt,Montana,Vietnam,North,Marie
The Radiant Nook,SMB,1985-11-27,6833 Martinez Spurs Suite 062 West Aaron  DE 04799,Reynoldsmouth,Minnesota,Sudan,West,Dorothy
The Dapper Loft,Exclusive,2023-09-07,1815 Phillip Rest Suite 136 South Adam  PA 43940,Robbinsland,New Hampshire,French Polynesia,South,William
The Unique Cabinet,Exclusive,2001-05-06,USS Austin FPO AE 36888,Abigailchester,Rhode Island,Saint Kitts and Nevis,West,Latasha
The Rustic Haven,MBO,2019-12-02,060 Merritt Orchard Apt. 861 Hernandezhaven  NY 98081,Port Jose,Minnesota,Morocco,West,Angela
The Golden Deals,Exclusive,1999-07-08,65888 White Unions Evansshire  NY 84288,Villabury,South Carolina,Bhutan,East,Rebecca
The Rustic Elegance,SMB,2020-07-31,6378 Hanson Road Fieldston  MT 82745,Ballview,New York,Tanzania,North,David
The Modern Sanctuary,Exclusive,2009-06-12,954 Tony Rest Suite 458 Nataliefurt  MH 07878,North William,New Hampshire,Guinea-Bissau,North,Timothy
The Eclectic Treasures,Exclusive,2014-12-01,419 Ford Squares Suite 916 New Arthur  NJ 62314,East Martha,New Hampshire,Saudi Arabia,South,Brandon
The Stylish Sanctuary,Outlet Stores,1980-12-19,6202 Mendez Knoll Suite 298 Port James  MH 68294,New Johnchester,New York,Eritrea,East,Betty
The Cozy Marketplace,MBO,2009-03-27,356 Monica Stream Gibsonland  AS 25107,Burnschester,California,Svalbard & Jan Mayen Islands,South,William
The Blissful Sanctuary,Exclusive,2000-10-07,1768 Kennedy Heights Elizabethberg  DC 47543,West Robertmouth,Oklahoma,Liberia,South,Sarah
The Harmony Hub,SMB,1994-04-23,6315 Hays Springs East Phillipfort  SC 71627,Burgessbury,Wyoming,Burundi,North,Brittany
The Shimmer Cabinet,Outlet Stores,1984-06-24,PSC 2970  Box 9073 APO AP 30113,Marissastad,Louisiana,Thailand,East,Mark
The Blissful Hub,MBO,1996-09-07,010 Watkins Causeway Apt. 529 Port Josephborough  OH 60437,Lake Jeffery,New Hampshire,Swaziland,South,Darren
